ami,percentage
<30,19.87859411
30-50,8.712538183
50-80,13.09931019
80-100,8.309579142
100-120,7.182909882
120-150,9.759378657
150+,33.05768984
subtotal < 120,57.1829315
