ami,percentage
30,18.80059876
50,9.995728272
80,14.44513111
100,6.758720669
120,7.230778401
150,20.95838907
150+,21.81065372
total_120,57.23095721
