ami,percentage
30,19.60912036
50,9.899656885
80,13.03030914
100,7.460969081
120,6.359985304
150,9.593272412
150+,34.04668682
total_120,56.36004077
